Jahr,a,b,c,d
1955,10.200000000000017,365.24,101.54999999999977,15.259999999999993
1956,11.129999999999997,365.24,104.43000000000124,14.150000000000016
1957,9.780000000000026,365.24,98.39999999999816,15.729999999999983
1958,11.309999999999993,365.24,103.3800000000007,15.149999999999995
1959,10.470000000000011,365.24,97.80999999999786,16.86000000000011
1960,9.900000000000023,365.24,94.58999999999621,15.649999999999984
1961,9.750000000000027,365.24,101.37999999999968,16.66000000000008
1962,12.359999999999971,365.24,107.91000000000302,15.189999999999994
1963,12.089999999999977,365.24,107.05000000000258,14.780000000000003
1966,11.049999999999999,365.24,98.6799999999983,15.809999999999981
1967,10.930000000000001,365.24,104.47000000000126,16.16
1968,11,365.24,99.67999999999881,15.699999999999983
1969,11.119999999999997,365.24,104.5500000000013,14.93
1973,11.47999999999999,365.24,105.16000000000162,15.439999999999989
1974,9.480000000000032,365.24,94.25999999999604,15.759999999999982
1975,10.150000000000018,365.24,102.47000000000024,15.939999999999978
1976,11.249999999999995,365.24,99.54999999999875,16.370000000000033
1977,9.470000000000033,365.24,102.68000000000035,15.729999999999983
1978,9.850000000000025,365.24,105.81000000000195,14.390000000000011
1979,10.820000000000004,365.24,104.63000000000135,15.039999999999997
1980,9.980000000000022,365.24,105.27000000000167,14.170000000000016
1981,11.099999999999998,365.24,97.1099999999975,15.169999999999995
1982,10.330000000000014,365.24,101.29999999999964,15.579999999999986
1983,11.389999999999992,365.24,107.53000000000283,15.469999999999988
1984,10.800000000000004,365.24,111.5800000000049,15.159999999999995
1985,12.149999999999975,365.24,107.80000000000297,14.870000000000001
1986,11.679999999999986,365.24,106.86000000000249,15.40999999999999
1987,11.339999999999993,365.24,110.72000000000446,14.850000000000001
1988,10.97,365.24,102.2000000000001,16.009999999999977
1989,10.690000000000007,365.24,101.18999999999959,16.55000000000006
1990,10.480000000000011,365.24,97.82999999999787,16.42000000000004
1991,11.379999999999992,365.24,103.27000000000065,15.679999999999984
1992,11.149999999999997,365.24,100.26999999999911,15.739999999999982
1993,10.700000000000006,365.24,96.3199999999971,15.83999999999998
1994,10.230000000000016,365.24,101.5999999999998,16.710000000000086
1995,10.50000000000001,365.24,104.06000000000105,15.85999999999998
1996,10.300000000000015,365.24,99.63999999999879,15.549999999999986
1997,9.730000000000027,365.24,99.86999999999891,16.530000000000058
1998,11.149999999999997,365.24,94.50999999999617,16.069999999999986
1999,11.44999999999999,365.24,102.53000000000027,15.609999999999985
2000,10.620000000000008,365.24,100.92999999999945,16.74000000000009
2001,10.680000000000007,365.24,101.34999999999967,16.079999999999988
2002,9.390000000000034,365.24,96.11999999999699,16.67000000000008
2003,12.699999999999964,365.24,99.27999999999861,17.900000000000272
2004,11.219999999999995,365.24,102.70000000000036,16.460000000000047
2005,12.189999999999975,365.24,104.02000000000103,15.88999999999998
2006,12.059999999999977,365.24,109.97000000000408,16.830000000000105
2007,9.950000000000022,365.24,90.83999999999429,16.68000000000008
2008,10.53000000000001,365.24,100.34999999999916,16.620000000000072
2009,12.589999999999966,365.24,104.40000000000123,16.86000000000011
2010,12.019999999999978,365.24,100.78999999999938,15.919999999999979
2011,10.750000000000005,365.24,99.78999999999887,18.180000000000316
2012,12.009999999999978,365.24,101.48999999999974,17.030000000000136
2013,11.90999999999998,365.24,107.59000000000286,16.320000000000025
2014,9.460000000000033,365.24,102.22000000000011,17.82000000000026
2015,11.44999999999999,365.24,101.77999999999989,17.63000000000023
2016,10.910000000000002,365.24,106.62000000000236,17.040000000000138
2017,12.229999999999974,365.24,95.57999999999672,17.4300000000002
2018,12.319999999999972,365.24,106.81000000000246,18.47000000000036
2019,11.229999999999995,365.24,103.24000000000063,17.870000000000267
2020,10.54000000000001,365.24,98.4899999999982,17.980000000000285
2021,10.790000000000004,365.24,101.65999999999983,16.330000000000027
2022,12.179999999999975,365.24,101.45999999999972,18.7200000000004
2023,12.829999999999961,365.24,105.70000000000189,18.52000000000037
