Datum;Jahr;Monat;Tag;T;TM;Tm;SLP;H;PP;VV;V;VM;VG;RA;SN;TS;FG
1966-01-01;1966;1;1;3.7;7.8;1.1;1016.9;85;16;10;11.9;27.8;-;o;;;
1966-01-02;1966;1;2;3.5;6.1;2.2;1015.2;84;3.05;11.1;1.5;5.4;-;o;;;
1966-01-03;1966;1;3;2.8;5;2.2;1013.4;90;11.94;13.8;8.7;22.2;-;o;;;
1966-01-04;1966;1;4;1.6;6.1;-2.2;1025;85;-;16.7;3;7.6;-;o;;;
1966-01-05;1966;1;5;-4;1.1;-6.1;1031.7;81;0;17.5;0.7;3.5;-;;;;
1966-01-06;1966;1;6;-5.6;0;-7.2;1034.1;86;0;13.5;2;5.4;-;;;;
1966-01-07;1966;1;7;-5.9;0;-8.9;1033.1;88;0;6.6;3.3;7.6;-;;;;
1966-01-08;1966;1;8;-5.4;0;-7.8;1027.2;90;0;2.9;1.3;7.6;-;;;;
1966-01-09;1966;1;9;-5.7;1.1;-8.9;1021.4;91;0;5.5;0.9;5.4;-;;;;
1966-01-10;1966;1;10;-5.2;-2.2;-8.9;1019.2;88;0;2.6;2.8;7.6;-;;;;
1966-01-11;1966;1;11;-1.8;0;-2.8;1012.2;94;8.38;1;0.7;3.5;-;;o;;o
1966-01-12;1966;1;12;-2.7;0;-5;1008.5;91;0.51;1.1;3.3;9.4;-;;;;o
1966-01-13;1966;1;13;-10.8;-7.2;-15;1024;82;0;3.7;2.4;7.6;-;;;;
1966-01-14;1966;1;14;-14.8;-8.9;-17.2;1026.9;90;0;2.4;3.7;7.6;-;;;;
1966-01-15;1966;1;15;-15.2;-8.9;-17.8;1022.3;87;0;3.5;3.7;11.1;-;;;;
1966-01-16;1966;1;16;-14.2;-7.2;-18.9;1017.9;87;0;7.2;5;7.6;-;;;;
1966-01-17;1966;1;17;-14.9;-7.2;-18.9;1017.6;86;0;7.2;2.2;7.6;-;;;;
1966-01-18;1966;1;18;-10.7;-5;-12.8;1015.5;73;0;8;3.9;14.8;-;;;;
1966-01-19;1966;1;19;-13.2;-5;-18.9;1012.1;81;0;8;2.2;7.6;-;;;;
1966-01-20;1966;1;20;-5.1;0;-11.1;1004.8;73;0;11.6;4.4;7.6;-;;;;
1966-01-21;1966;1;21;-1.2;2.2;-7.8;1004.7;88;0;5.1;0.6;3.5;-;;;;o
1966-01-22;1966;1;22;0.8;2.8;-3.9;1003.6;90;11.94;6.4;1.9;5.4;-;o;;;
1966-01-23;1966;1;23;2;2.8;1.1;1004;99;10.92;7.6;0.7;3.5;-;o;;;
1966-01-24;1966;1;24;2.9;7.8;2.2;1014.9;94;3.05;13.5;1.5;5.4;-;o;;;
1966-01-25;1966;1;25;3;5;1.1;1012.3;69;0;15.4;4.4;11.1;-;;;;
1966-01-26;1966;1;26;3.3;6.1;1.1;1011.1;84;1.52;12.6;3.9;7.6;-;o;;;
1966-01-27;1966;1;27;3;6.1;1.1;1018.5;93;0.25;5.3;1.3;3.5;-;o;;;
1966-01-28;1966;1;28;0.7;7.2;-3.9;1025.1;80;0;18.8;3.1;7.6;-;;;;
1966-01-29;1966;1;29;2;7.8;-2.2;1018.7;79;0;13.5;6.1;14.8;-;;;;
1966-01-30;1966;1;30;4.9;8.9;2.8;1019.2;77;0;14.8;3.1;5.4;-;;;;
1966-01-31;1966;1;31;4.8;11.1;2.8;1021.8;80;0;12.1;3.3;11.1;-;;;;
1966-02-01;1966;2;1;2.8;11.1;0;1024.5;85;0;13.4;4.1;9.4;-;;;;
1966-02-02;1966;2;2;3.8;11.1;0;1023.1;69;0;13.5;7.4;14.8;-;;;;
1966-02-03;1966;2;3;3.3;7.2;2.2;1023.4;92;7.11;8;3.1;14.8;-;o;;;
1966-02-04;1966;2;4;4.1;11.1;2.8;1025.3;93;1.02;3.2;3;9.4;-;o;;;o
1966-02-05;1966;2;5;4.6;11.1;2.2;1028.8;80;0;13.7;0.9;3.5;-;;;;
1966-02-06;1966;2;6;3.3;12.8;0;1022.5;71;0;20.9;2.8;7.6;-;;;;
1966-02-07;1966;2;7;5.8;11.1;1.1;1017;76;1.02;18.3;3.1;11.1;-;o;;;
1966-02-08;1966;2;8;2.9;3.9;2.2;1014.8;94;11.94;10.3;2.2;5.4;-;o;;;
1966-02-09;1966;2;9;4.2;7.2;2.8;1009.8;100;19.05;4.8;0;-;-;o;;;
1966-02-10;1966;2;10;4.1;10;0;1004.7;78;0;8.2;4.1;7.6;-;;;;o
1966-02-11;1966;2;11;4.4;8.9;2.2;994.3;80;-;12.7;2.6;5.4;-;o;;;
1966-02-12;1966;2;12;5.2;8.9;2.8;997.4;76;2.03;15.6;6.7;18.3;-;o;;;
1966-02-13;1966;2;13;4.5;12.2;2.2;991.4;79;0;17.7;4.3;22.2;-;;;;
1966-02-14;1966;2;14;2.9;11.1;0;1005.5;89;3.05;16.3;5.6;27.8;-;o;;;
1966-02-15;1966;2;15;3.9;10;0;1014.8;59;0;14.5;3.5;5.4;-;;;;
1966-02-16;1966;2;16;3.8;12.2;0;1007.7;61;0;19;6.9;14.8;-;;;;
1966-02-17;1966;2;17;3.9;7.8;1.1;1008.3;83;3.05;10.8;2.4;9.4;-;o;;;
1966-02-18;1966;2;18;6.7;13.9;0;1017.3;74;0.51;10.6;2.4;7.6;-;o;;;o
1966-02-19;1966;2;19;7.1;13.9;2.8;1012.3;66;0;17.9;2.8;7.6;-;;;;
1966-02-20;1966;2;20;7.6;15;2.2;1005.2;60;0;17.2;8.3;18.3;-;;;;
1966-02-21;1966;2;21;10.5;12.8;7.8;995.1;57;-;25.3;21.3;55.4;-;o;;;
1966-02-22;1966;2;22;8.2;13.9;5;999.4;73;1.02;20.9;5;14.8;-;o;;;
1966-02-23;1966;2;23;6.1;10;2.8;1009.1;75;1.02;18.7;10.2;29.4;-;o;;;
1966-02-24;1966;2;24;3.1;11.1;-2.2;1022.2;65;0;19;1.5;7.6;-;;;;
1966-02-25;1966;2;25;7.8;17.2;1.1;1019.4;50;0;19.8;8.3;14.8;-;;;;
1966-02-26;1966;2;26;7.6;10;6.1;1018.9;80;2.03;13.4;1.3;9.4;-;o;;;
1966-02-27;1966;2;27;7.5;16.1;2.8;1019.2;80;0.51;6.6;3;5.4;-;;;;o
1966-02-28;1966;2;28;8.7;17.2;3.9;1009.8;64;-;18.2;10;27.8;-;o;;;
1966-03-01;1966;3;1;5.4;10;2.8;1024.3;77;0.25;19.3;8.5;27.8;-;;;;
1966-03-02;1966;3;2;3.6;12.2;-2.2;1029.3;71;0;19;0.4;3.5;-;;;;
1966-03-03;1966;3;3;4.7;12.2;-2.2;1021.8;59;0;15.9;3.7;9.4;-;;;;
1966-03-04;1966;3;4;5.1;10;1.1;1014.5;73;0;10.8;8.7;27.8;-;;;;
1966-03-05;1966;3;5;5.3;10;2.8;1017.9;80;0;10;1.1;7.6;-;;;;
1966-03-06;1966;3;6;5.8;12.8;0;1021.8;65;0;10.3;5.6;18.3;-;;;;
1966-03-07;1966;3;7;4.1;12.2;-2.2;1022.5;74;0;9.2;4.1;11.1;-;;;;
1966-03-08;1966;3;8;5.1;12.8;-1.1;1021.9;74;0;7.7;5.4;14.8;-;;;;
1966-03-09;1966;3;9;7.2;16.1;0;1021.3;65;0;8;6.1;22.2;-;;;;
1966-03-10;1966;3;10;8.9;15;2.8;1021.7;63;0;10.6;7.6;27.8;-;;;;
1966-03-11;1966;3;11;8.5;12.2;5;1016.5;67;0;10.8;5.9;22.2;-;;;;
1966-03-12;1966;3;12;2.8;6.1;1.1;1011.8;86;3.05;13;13;33.5;-;;o;;
1966-03-13;1966;3;13;2.6;7.8;1.1;1017.7;75;2.03;12.6;12.2;27.8;-;;o;;
1966-03-14;1966;3;14;2.4;7.2;-1.1;1023.9;62;0;18.2;10.2;22.2;-;;;;
1966-03-15;1966;3;15;0.4;6.1;-5;1029.5;63;0;18.8;7.2;27.8;-;;;;
1966-03-16;1966;3;16;5.9;12.2;2.2;1026.2;66;0.25;18;14.4;33.5;-;;;;
1966-03-17;1966;3;17;4.5;12.8;-2.8;1029.4;60;0;17.9;6.7;27.8;-;;;;
1966-03-18;1966;3;18;3.2;11.1;-2.8;1026.5;79;0.51;15;5.4;11.1;-;o;;;
1966-03-19;1966;3;19;4.9;12.8;-1.1;1025.9;67;0;15.6;6.3;27.8;-;;;;
1966-03-20;1966;3;20;3.6;12.2;-2.8;1029.2;66;0;19.3;8.3;27.8;-;;;;
1966-03-21;1966;3;21;4.4;12.8;-2.8;1028.6;63;0;12.7;7.6;22.2;-;;;;
1966-03-22;1966;3;22;5.3;15;-1.1;1023.6;63;0;10.9;4.6;22.2;-;;;;
1966-03-23;1966;3;23;7.4;16.1;-1.1;1017.4;57;0;11.6;8;22.2;-;;;;
1966-03-24;1966;3;24;7.2;11.1;3.9;1011.5;67;0.51;16.4;14.1;27.8;-;o;;;
1966-03-25;1966;3;25;1.3;5;-2.2;1015.2;79;2.03;9.8;15.9;33.5;-;;;;
1966-03-26;1966;3;26;-0.2;10;-5;1021.3;70;0;29.1;4.4;14.8;-;;;;
1966-03-27;1966;3;27;5.1;12.2;0;1011;80;8.89;10.6;7.8;22.2;-;;o;;
1966-03-28;1966;3;28;8.3;12.2;5;1009.2;63;11.94;18.7;27.2;46.5;-;o;;;
1966-03-29;1966;3;29;3.1;7.2;1.1;1018.2;70;2.03;21.6;17.2;37;-;;;;
1966-03-30;1966;3;30;2.6;8.9;0;1024.9;67;1.02;17.2;8;25.9;-;;o;;
1966-03-31;1966;3;31;5.9;13.9;-2.2;1020.9;56;0;17.2;6.7;22.2;-;;;;
1966-04-01;1966;4;1;7.4;17.2;0;1018.5;61;0;16.7;4.3;14.8;-;;;;
1966-04-02;1966;4;2;7.3;17.8;2.2;1016.9;63;0;14.5;5;18.3;-;;;;
1966-04-03;1966;4;3;9.7;17.2;3.9;1014.5;59;0;17.9;7.4;27.8;-;;;;
1966-04-04;1966;4;4;10.6;17.8;3.9;1012.9;61;0;18.8;4.3;11.1;-;;;;
1966-04-05;1966;4;5;9.8;18.9;2.2;1010.3;53;0;19;3.9;11.1;-;;;;
1966-04-06;1966;4;6;10.6;17.8;6.1;1011.4;61;0;15;5.2;11.1;-;;;;
1966-04-07;1966;4;7;11.9;17.8;7.2;1008.7;71;0;13.4;3.7;7.6;-;;;;
1966-04-08;1966;4;8;11.6;13.9;7.8;1006.6;74;1.52;16.3;0.7;3.5;-;o;;;
1966-04-09;1966;4;9;10.9;17.2;6.1;1001.6;70;0;16.4;6.3;11.1;-;;;;
1966-04-10;1966;4;10;10.4;16.1;7.2;1003;76;3.56;17.1;6.3;18.3;-;o;;;
1966-04-11;1966;4;11;9.1;15;2.8;1004.7;67;0;21.4;8.9;22.2;-;;;;
1966-04-12;1966;4;12;10.3;18.9;2.2;1004.4;57;0;25.1;2.8;9.4;-;;;;
1966-04-13;1966;4;13;12.3;20;2.8;1003.9;53;0;25.9;8.3;27.8;-;;;;
1966-04-14;1966;4;14;13.2;22.2;5;1005.1;53;0;24.9;5.4;22.2;-;;;;
1966-04-15;1966;4;15;12.8;20;7.8;1001.8;64;14.99;24.8;3.1;11.1;-;o;;;
1966-04-16;1966;4;16;9.8;13.9;7.2;1000.1;71;3.05;20.4;5;18.3;-;o;;;
1966-04-17;1966;4;17;9.7;17.2;2.8;1005.9;63;0;23;6.9;27.8;-;;;;
1966-04-18;1966;4;18;11.4;17.2;3.9;1012.1;65;0;19.2;1.9;3.5;-;;;;
1966-04-19;1966;4;19;11.7;17.2;7.8;1010.3;80;8.38;15.9;1.1;3.5;-;o;;;
1966-04-20;1966;4;20;9.3;12.8;7.2;1007.6;90;2.29;13;5.7;14.8;-;o;;;
1966-04-21;1966;4;21;7.6;11.1;5;1018.6;82;1.02;19;13;27.8;-;o;;;
1966-04-22;1966;4;22;7.6;17.2;0;1026.2;63;0;17.7;5.6;18.3;-;;;;
1966-04-23;1966;4;23;11.7;22.2;2.8;1019.4;60;0;21.6;4.1;14.8;-;;;;
1966-04-24;1966;4;24;13;17.8;7.8;1009.9;67;0;17.7;5.6;13;-;;;;
1966-04-25;1966;4;25;7.7;8.9;7.2;1016.4;95;18.03;15.4;6.7;22.2;-;o;;;
1966-04-26;1966;4;26;11.3;17.8;6.1;1020.7;74;2.03;17.1;6.9;18.3;-;o;;;
1966-04-27;1966;4;27;13.4;21.1;5;1017.6;63;0;18;8;22.2;-;;;;
1966-04-28;1966;4;28;16.4;20;10;1021.4;59;0;18;6.7;22.2;-;;;;
1966-04-29;1966;4;29;13.9;22.2;7.2;1023.3;67;0;14.2;10;27.8;-;;;;
1966-04-30;1966;4;30;13;22.2;6.1;1025.2;72;0;13.4;6.1;22.2;-;;;;
1966-05-01;1966;5;1;14.9;25;7.2;1024.9;57;0;18.7;3.1;7.6;-;;;;
1966-05-02;1966;5;2;16.2;25;7.2;1024.1;56;0;20.9;6.3;18.3;-;;;;
1966-05-03;1966;5;3;17.6;27.2;7.8;1021;54;0;18.5;3.1;7.6;-;;;;
1966-05-04;1966;5;4;17;26.1;8.9;1018.3;57;0;16.7;8;18.3;-;;;;
1966-05-05;1966;5;5;16.5;20;13.9;1016.5;67;0;16.9;2.6;11.1;-;;;;
1966-05-06;1966;5;6;10.1;12.8;7.8;1010.5;93;4.06;15.9;15.6;33.5;-;o;;;
1966-05-07;1966;5;7;8.2;13.9;7.2;1011.5;79;0;17.5;15.6;27.8;-;;;;
1966-05-08;1966;5;8;9.3;16.1;6.1;1015.5;70;2.03;17.4;12;29.4;-;o;;;
1966-05-09;1966;5;9;9.8;16.1;5;1010.1;68;0;18.8;9.1;37;-;;;;
1966-05-10;1966;5;10;7.1;12.8;2.2;1014.4;77;0;18;4.3;18.3;-;;;;
1966-05-11;1966;5;11;10.7;20;2.2;1011;61;0;18.2;2.6;11.1;-;;;;
1966-05-12;1966;5;12;13.6;21.1;6.1;1008.5;56;0;19.3;15.4;46.5;-;;;;
1966-05-13;1966;5;13;15.6;26.1;7.2;1015.2;56;0;19.8;2.2;7.6;-;;;;
1966-05-14;1966;5;14;17.8;28.9;7.8;1018.9;51;0;18.2;8.1;27.8;-;;;;
1966-05-15;1966;5;15;17.2;28.9;8.9;1019.4;49;0;19.8;3.1;14.8;-;;;;
1966-05-16;1966;5;16;14.1;25;7.2;1022;59;0;24;2.2;3.5;-;;;;
1966-05-17;1966;5;17;17.3;23.9;11.1;1018.3;69;0;18;5.7;14.8;-;;;;
1966-05-18;1966;5;18;16.5;22.2;12.8;1014.1;73;0;13.7;6.1;18.3;-;;;;
1966-05-19;1966;5;19;15.1;20;12.2;1015;74;2.03;16.7;9.6;27.8;-;o;;;
1966-05-20;1966;5;20;12.7;20;7.2;1020.7;73;0;17.2;3.7;11.1;-;;;;
1966-05-21;1966;5;21;16.3;25;11.1;1022;67;0;23.3;1.1;7.6;-;;;;
1966-05-22;1966;5;22;19.5;30;10;1017.7;57;0;23.2;4.6;7.6;-;;;;
1966-05-23;1966;5;23;14.7;18.9;12.2;1019.5;86;2.03;15.1;2.6;7.6;-;o;;;
1966-05-24;1966;5;24;14.5;22.8;7.2;1020.2;70;0.51;18.3;4.6;22.2;-;;;;
1966-05-25;1966;5;25;13.9;18.9;8.9;1020.7;72;0;16.6;7.6;31.3;-;;;;
1966-05-26;1966;5;26;15.1;22.2;10;1017.5;67;0;16.9;14.1;33.5;-;;;;
1966-05-27;1966;5;27;14.4;20;7.8;1016.2;51;0;19.8;9.6;22.2;-;;;;
1966-05-28;1966;5;28;11.3;21.1;2.8;1018.5;56;0;20;1.5;3.5;-;;;;
1966-05-29;1966;5;29;13.1;22.2;2.8;1016.9;55;0;18.2;7.8;18.3;-;;;;
1966-05-30;1966;5;30;13.6;22.2;3.9;1015.3;56;0;17.7;8.3;18.3;-;;;;
1966-05-31;1966;5;31;13.3;21.1;5;1012.9;62;0;16.4;8.3;25.9;-;;;;
1966-06-01;1966;6;1;15.1;22.8;8.9;1013.6;64;0;15.8;6.9;22.2;-;;;;
1966-06-02;1966;6;2;16.2;25;5;1017.2;56;0;17.1;3.7;11.1;-;;;;
1966-06-03;1966;6;3;15.9;23.9;7.8;1019.3;59;0;16.4;5.7;18.3;-;;;;
1966-06-04;1966;6;4;19.2;27.8;8.9;1014.7;56;0;13.5;4.6;14.8;-;;;;
1966-06-05;1966;6;5;18.4;22.8;13.9;1011.6;67;0;14.2;5.6;14.8;-;;;;
1966-06-06;1966;6;6;18.4;25;13.9;1015.6;69;0;16.1;7.4;25.9;-;;;;
1966-06-07;1966;6;7;19.9;27.2;12.2;1017.4;60;0;16.4;10.6;33.5;-;;;;
1966-06-08;1966;6;8;21.2;27.8;12.8;1015.5;58;0;14.6;7.4;18.3;-;;;;
1966-06-09;1966;6;9;20.6;27.8;13.9;1011.7;62;0;17.1;10.4;22.2;-;;;;
1966-06-10;1966;6;10;21.8;31.1;12.2;1011.9;51;0;22;5.2;14.8;-;;;;
1966-06-11;1966;6;11;23.4;32.2;13.9;1013.9;51;0;16.6;3.7;11.1;-;;;;
1966-06-12;1966;6;12;21.2;27.2;17.2;1015.9;63;0;17.9;10.6;27.8;-;;;;
1966-06-13;1966;6;13;19.7;28.9;13.9;1016.6;68;3.05;16.6;4.3;9.4;-;o;;;
1966-06-14;1966;6;14;19.2;30;12.8;1014.1;65;1.02;18.5;3.9;11.1;-;;;;
1966-06-15;1966;6;15;19.9;30;11.1;1011.6;57;0;25.1;5.6;18.3;-;;;;
1966-06-16;1966;6;16;22.1;31.1;12.8;1011.9;53;0;19.8;1.5;5.4;-;;;;
1966-06-17;1966;6;17;23.1;32.8;11.1;1013.8;53;0;18.2;5.7;14.8;-;;;;
1966-06-18;1966;6;18;20.4;30;15;1010.6;68;1.02;19.3;8.5;22.2;-;o;;o;
1966-06-19;1966;6;19;14.7;18.9;12.8;1012.8;70;0;21.9;14.1;37;-;;;;
1966-06-20;1966;6;20;12.3;17.8;7.8;1011;89;2.03;13.2;2.4;11.1;-;o;;;
1966-06-21;1966;6;21;15.2;22.8;7.2;1012.7;65;0;23;11.7;33.5;-;;;;
1966-06-22;1966;6;22;18.6;27.2;7.2;1014.6;56;0;20.1;4.4;14.8;-;;;;
1966-06-23;1966;6;23;19.7;23.9;10;1014.6;67;0;15.3;6.9;27.8;-;;;;
1966-06-24;1966;6;24;16.4;23.9;12.8;1019.4;76;7.11;12.9;8.1;27.8;-;;;o;
1966-06-25;1966;6;25;17.2;23.9;12.2;1025.1;54;0;25.7;8;18.3;-;;;;
1966-06-26;1966;6;26;15.7;22.2;7.2;1025.8;63;0;22.7;11.5;27.8;-;;;;
1966-06-27;1966;6;27;16.7;22.2;11.1;1023.2;70;0;20.6;10;18.3;-;;;;
1966-06-28;1966;6;28;18.3;25;15;1014.5;62;0;20.1;13.5;27.8;-;;;;
1966-06-29;1966;6;29;14.8;21.1;11.1;1016.2;61;0;25.6;13.7;22.2;-;;;;
1966-06-30;1966;6;30;16.9;23.9;7.2;1019.9;60;0;20.8;11.1;22.2;-;;;;
1966-07-01;1966;7;1;18.3;25;8.9;1019.8;64;0;16.3;11.9;29.4;-;;;;
1966-07-02;1966;7;2;20.1;27.8;10;1017.4;55;0;15.8;4.4;14.8;-;;;;
1966-07-03;1966;7;3;22.5;31.1;11.1;1015.8;50;0;19.6;3.1;7.6;-;;;;
1966-07-04;1966;7;4;22.7;32.8;16.1;1017.1;56;0;17.4;2.8;27.8;-;;;;
1966-07-05;1966;7;5;18.6;21.1;16.1;1013.7;82;10.92;16.6;2.2;9.4;-;o;;o;
1966-07-06;1966;7;6;16.4;22.2;12.8;1011.1;74;7.87;23.3;3.9;27.8;-;o;;;
1966-07-07;1966;7;7;14.7;18.9;12.2;1017;71;4.06;16.9;6.9;27.8;-;o;;;
1966-07-08;1966;7;8;17;22.8;12.2;1019.1;62;0;17.9;11.1;27.8;-;;;;
1966-07-09;1966;7;9;18.4;25;7.8;1019.9;56;0;17.7;13;37;-;;;;
1966-07-10;1966;7;10;18.6;26.1;10;1017.8;62;0;17.1;7.8;27.8;-;;;;
1966-07-11;1966;7;11;15.7;18.9;12.8;1015.8;89;7.87;15.1;2.8;3.5;-;o;;;
1966-07-12;1966;7;12;17.7;27.2;10;1017;71;1.02;21.6;5.4;11.1;-;;;;
1966-07-13;1966;7;13;19.3;28.9;12.2;1015.4;68;0;19.6;7.4;18.3;-;;;;
1966-07-14;1966;7;14;22.2;26.1;18.9;1011;64;1.02;15;11.7;27.8;-;;;;
1966-07-15;1966;7;15;18.5;23.9;13.9;1013.9;60;2.03;17.2;9.6;27.8;-;o;;;
1966-07-16;1966;7;16;16.7;23.9;10;1013.6;66;0;16.3;10.9;37;-;;;;
1966-07-17;1966;7;17;14.6;16.1;12.8;1009.6;83;3.05;13.5;7.8;18.3;-;o;;;
1966-07-18;1966;7;18;12.7;16.1;11.1;1007;79;2.54;18.8;4.1;9.4;-;o;;;
1966-07-19;1966;7;19;12.3;17.8;7.8;1013.1;81;5.08;16.9;2.6;14.8;-;;;;
1966-07-20;1966;7;20;14.1;18.9;7.8;1014.7;75;0;15.1;6.9;18.3;-;;;;
1966-07-21;1966;7;21;15.5;23.9;8.9;1013.2;68;0;16.3;8.3;18.3;-;;;;
1966-07-22;1966;7;22;16.1;22.8;7.8;1014.3;66;0;16.7;5;18.3;-;;;;
1966-07-23;1966;7;23;17.7;25;13.9;1012.2;73;0;11.4;4.3;25.9;-;;;;
1966-07-24;1966;7;24;18.6;25;12.8;1009.8;68;0;13.7;11.9;22.2;-;;;;
1966-07-25;1966;7;25;16.7;23.9;12.2;1009.3;73;0;13.7;5.7;22.2;-;;;;
1966-07-26;1966;7;26;16.6;25;7.8;1011.6;62;0;18.7;5.2;18.3;-;;;;
1966-07-27;1966;7;27;16.8;25;8.9;1012.5;69;0;17.7;10.7;37;-;;;;
1966-07-28;1966;7;28;17.6;23.9;12.8;1013.2;63;3.05;17.5;9.4;27.8;-;o;;;
1966-07-29;1966;7;29;15.9;23.9;7.8;1013.5;62;0;16.7;4.3;18.3;-;;;;
1966-07-30;1966;7;30;17.3;27.2;8.9;1014.1;60;0;17.5;11.7;37;-;;;;
1966-07-31;1966;7;31;18.1;22.2;12.8;1016.2;60;0;20.4;13.5;37;-;;;;
1966-08-01;1966;8;1;16.7;27.2;7.2;1015.1;56;0;20.9;8.1;27.8;-;;;;
1966-08-02;1966;8;2;16.5;18.9;8.9;1013.9;79;4.06;13;1.5;3.5;-;o;;;
1966-08-03;1966;8;3;18.6;27.8;13.9;1014.6;78;8.89;11.6;1.1;5.4;-;o;;;
1966-08-04;1966;8;4;17.5;22.8;15;1011.1;85;16;16.7;3.1;9.4;-;o;;;
1966-08-05;1966;8;5;17.2;23.9;12.2;1013.3;69;0;23.8;9.3;27.8;-;;;;
1966-08-06;1966;8;6;16.9;22.8;11.1;1015.7;58;0;24.9;6.1;22.2;-;;;;
1966-08-07;1966;8;7;21.7;25;18.9;1009.4;51;0;17.2;12;22.2;-;;;;
1966-08-08;1966;8;8;16.8;22.2;15;1010.7;82;4.06;16.6;0.6;3.5;-;;;;
1966-08-09;1966;8;9;16.2;22.8;10;1016.1;65;5.08;21.6;6.9;22.2;-;;;;
1966-08-10;1966;8;10;17.8;27.2;7.8;1019.7;61;0;18.8;2.8;7.6;-;;;;
1966-08-11;1966;8;11;19.2;31.1;12.2;1020.9;70;0;17.2;1.1;3.5;-;;;;
1966-08-12;1966;8;12;20.7;32.8;12.8;1020.2;66;0;17.1;1.1;3.5;-;;;;
1966-08-13;1966;8;13;22.4;32.8;13.9;1017.7;65;0;15.9;1.3;5.4;-;;;;
1966-08-14;1966;8;14;21.9;31.1;15;1018.2;75;0;14;4.8;22.2;-;;;;
1966-08-15;1966;8;15;20;22.2;17.8;1018.6;86;-;14.6;5.2;18.3;-;o;;o;
1966-08-16;1966;8;16;14.9;18.9;12.2;1019.7;69;5.08;18.8;11.1;29.4;-;;;;
1966-08-17;1966;8;17;11.5;17.8;5;1019.5;79;0;17.7;5.6;18.3;-;;;;
1966-08-18;1966;8;18;14.2;20;10;1019.1;87;0.51;13.4;3.1;14.8;-;o;;;
1966-08-19;1966;8;19;15.7;23.9;11.1;1018.6;78;0;12.6;1.9;3.5;-;;;;
1966-08-20;1966;8;20;16.2;22.8;10;1016;81;0;12.9;0;-;-;;;;
1966-08-21;1966;8;21;16.1;22.2;12.2;1013.7;88;1.02;6.4;1.1;3.5;-;;;;
1966-08-22;1966;8;22;17.2;22.2;15;1012.6;76;-;13.7;5.2;22.2;-;o;;;
1966-08-23;1966;8;23;16.1;22.8;7.2;1015.7;59;0;19.3;9.3;22.2;-;;;;
1966-08-24;1966;8;24;15.3;20;12.2;1016.5;76;0;16.4;3.7;14.8;-;;;;
1966-08-25;1966;8;25;14.6;20;10;1013.7;65;3.05;15;10.2;22.2;-;;;;
1966-08-26;1966;8;26;13.2;20;6.1;1014.6;65;0;13.2;4.8;22.2;-;;;;
1966-08-27;1966;8;27;14;27.2;5;1011.7;62;0;17.2;3.9;11.1;-;;;;
1966-08-28;1966;8;28;14.1;20;7.2;1012.3;79;0.51;12.1;4.1;14.8;-;o;;;
1966-08-29;1966;8;29;15.9;25;8.9;1013.2;76;1.02;11.4;2;3.5;-;;;;
1966-08-30;1966;8;30;15.3;20;12.8;1010.8;85;7.87;10.9;5;18.3;-;o;;;
1966-08-31;1966;8;31;12.5;18.9;6.1;1011.5;79;1.02;26.7;6.5;27.8;-;;;;
1966-09-01;1966;9;1;15.6;22.8;6.1;1017.1;71;0;17.9;1.5;7.6;-;;;;
1966-09-02;1966;9;2;16.5;22.2;11.1;1016.6;79;0.51;13.7;2.6;18.3;-;;;;
1966-09-03;1966;9;3;17.2;22.2;12.2;1019.9;74;0;17.1;6.1;25.9;-;;;;
1966-09-04;1966;9;4;16.3;27.2;8.9;1020.5;73;0;19;1.9;9.4;-;;;;
1966-09-05;1966;9;5;17.6;23.9;12.8;1019.3;70;2.03;18.5;5.9;18.3;-;o;;;
1966-09-06;1966;9;6;15.9;26.1;7.8;1024;69;0;21.4;1.5;3.5;-;;;;
1966-09-07;1966;9;7;18.7;27.8;10;1022;66;0;20.4;3.3;7.6;-;;;;
1966-09-08;1966;9;8;20.2;30;10;1018.2;58;0;21.9;5.9;18.3;-;;;;
1966-09-09;1966;9;9;19.8;31.1;11.1;1016.7;62;0;17.1;2.4;11.1;-;;;;
1966-09-10;1966;9;10;18.9;27.8;10;1018;61;0;15.4;4.8;14.8;-;;;;
1966-09-11;1966;9;11;19;28.9;12.2;1020.3;65;0;16.7;3.7;14.8;-;;;;
1966-09-12;1966;9;12;20.9;32.2;12.2;1016.7;66;0;10.3;3.3;7.6;-;;;;
1966-09-13;1966;9;13;15.8;17.8;12.8;1016.8;93;7.11;14;2.2;5.4;-;o;;;
1966-09-14;1966;9;14;13.9;22.2;7.8;1021.7;72;2.03;20;0.9;3.5;-;;;;
1966-09-15;1966;9;15;15;23.9;6.1;1017.4;66;0;15.4;6.9;18.3;-;;;;
1966-09-16;1966;9;16;12.4;15;7.8;1018.7;77;2.03;16.1;6.9;27.8;-;o;;;
1966-09-17;1966;9;17;11.4;20;5;1017.8;80;0;14.5;6.9;22.2;-;;;;
1966-09-18;1966;9;18;11.9;20;6.1;1016.3;82;0;10.3;6.7;18.3;-;;;;
1966-09-19;1966;9;19;14.4;20;8.9;1020.8;78;0;8.9;6.5;22.2;-;;;;
1966-09-20;1966;9;20;15;20;8.9;1023.4;77;0;9.2;5.9;22.2;-;;;;
1966-09-21;1966;9;21;15;22.8;8.9;1023;72;0;7.6;4.1;13;-;;;;
1966-09-22;1966;9;22;15;22.8;7.8;1019.8;69;0;11.4;4.6;11.1;-;;;;
1966-09-23;1966;9;23;13.6;22.2;7.2;1017.9;80;0;8.4;5;11.1;-;;;;
1966-09-24;1966;9;24;13.5;20;7.8;1018.8;84;0;4.2;5.6;18.3;-;;;;
1966-09-25;1966;9;25;12.8;21.1;7.2;1018.8;81;0;4.8;4.6;18.3;-;;;;o
1966-09-26;1966;9;26;14.8;22.8;6.1;1017;78;0;6.9;2.6;9.4;-;;;;
1966-09-27;1966;9;27;15;23.9;7.8;1016.1;76;0;6.9;2.8;11.1;-;;;;
1966-09-28;1966;9;28;17.2;26.1;11.1;1012.9;67;0;12.1;4.1;9.4;-;;;;
1966-09-29;1966;9;29;14.5;22.2;8.9;1010.5;78;0;12.4;0.9;3.5;-;;;;
1966-09-30;1966;9;30;12.1;15;7.8;1009.1;97;0.51;5.3;0.4;3.5;-;o;;;
1966-10-01;1966;10;1;15.1;21.1;11.1;1007.3;81;-;8.4;1.5;5.4;-;o;;;
1966-10-02;1966;10;2;15.6;23.9;10;1004.3;72;14.99;17.1;1.9;3.5;-;;;;
1966-10-03;1966;10;3;16.9;25;10;1006.2;57;0;21.9;7.2;33.5;-;;;;
1966-10-04;1966;10;4;18.3;27.2;8.9;1007.8;55;0;23.5;6.7;22.2;-;;;;
1966-10-05;1966;10;5;16.2;27.8;8.9;1013.1;65;0;22.5;3.9;22.2;-;;;;
1966-10-06;1966;10;6;15.6;23.9;7.8;1017.1;75;0;16.6;3.7;22.2;-;;;;
1966-10-07;1966;10;7;15.6;25;8.9;1016.3;70;0;15.9;1.9;7.6;-;;;;
1966-10-08;1966;10;8;15.6;27.8;7.8;1012.5;73;0;14.8;3.1;7.6;-;;;;
1966-10-09;1966;10;9;14.9;20;12.2;1013;93;2.03;17.7;2.6;9.4;-;o;;;
1966-10-10;1966;10;10;15.9;21.1;12.2;1014.2;83;0;9.5;4.6;14.8;-;;;;o
1966-10-11;1966;10;11;14.4;20;10;1015;91;0;9.2;1.3;3.5;-;;;;
1966-10-12;1966;10;12;13.9;15;12.2;1012.2;89;2.03;14.5;1.7;11.1;-;o;;;
1966-10-13;1966;10;13;13.9;22.2;10;1012.7;80;0;15;0.9;3.5;-;;;;
1966-10-14;1966;10;14;14.4;23.9;6.1;1011.3;63;0;17.4;5;11.1;-;;;;
1966-10-15;1966;10;15;12.5;18.9;7.8;1008.5;83;0;15.9;2.2;7.6;-;;;;
1966-10-16;1966;10;16;12.8;20;8.9;1007.5;88;4.57;17.7;5.2;18.3;-;;;;
1966-10-17;1966;10;17;11.6;17.8;7.2;1010.9;82;0;17.1;4.6;18.3;-;;;;o
1966-10-18;1966;10;18;8.7;16.1;2.8;1009.1;87;0;13.5;1.5;3.5;-;;;;
1966-10-19;1966;10;19;7.6;10;5;1007.5;99;7.87;7.2;3.5;14.8;-;o;;;
1966-10-20;1966;10;20;8.6;17.2;2.8;1010.4;79;0.51;16.6;1.1;5.4;-;;;;
1966-10-21;1966;10;21;10.3;17.2;6.1;1015.4;79;2.03;17.4;6.3;22.2;-;o;;;
1966-10-22;1966;10;22;8.2;15;3.9;1022.5;83;0;13.8;2;9.4;-;;;;
1966-10-23;1966;10;23;11.3;20;5;1017;74;0;20.9;4.6;18.3;-;;;;
1966-10-24;1966;10;24;11.1;15;7.2;1012.9;94;3.05;11.4;3;7.6;-;o;;;
1966-10-25;1966;10;25;12.2;16.1;10;1004.1;91;3.56;10.8;2.2;14.8;-;o;;;
1966-10-26;1966;10;26;8.4;11.1;7.2;998.9;97;10.92;12.9;4.4;11.1;-;o;;;
1966-10-27;1966;10;27;7.4;8.9;6.1;1006.1;78;0.51;16.6;10.6;18.3;-;o;;;
1966-10-28;1966;10;28;6.1;10;5;1010.3;93;2.03;8.5;2.6;9.4;-;o;;;
1966-10-29;1966;10;29;5.2;7.2;3.9;1010.4;93;7.87;9.3;2.2;5.4;-;o;;;
1966-10-30;1966;10;30;4.4;7.8;2.2;1016.1;84;0.51;13.2;1.5;3.5;-;o;;;
1966-10-31;1966;10;31;4.6;10;1.1;1019.1;79;0;12.7;6.3;22.2;-;;;;
1966-11-01;1966;11;1;2.8;7.2;-1.1;1012.9;83;0;9.5;2.6;11.1;-;;;;
1966-11-02;1966;11;2;1.1;7.8;-2.8;1015.6;80;0;13.2;6.1;11.1;-;;;;
1966-11-03;1966;11;3;5.8;10;2.2;1008.3;76;-;19.6;3.7;9.4;-;o;;;
1966-11-04;1966;11;4;2.6;3.9;1.1;1001.4;100;11.94;6;0.4;3.5;-;o;;;
1966-11-05;1966;11;5;3.8;11.1;-1.1;1001.6;81;1.02;15;2.2;11.1;-;;;;
1966-11-06;1966;11;6;10.4;17.2;3.9;1011.7;61;0;20.6;4.8;9.4;-;;;;
1966-11-07;1966;11;7;9.2;13.9;5;1021;72;0;17.9;3.7;7.6;-;;;;
1966-11-08;1966;11;8;7.9;15;2.2;1020.1;70;0;16.1;5.6;11.1;-;;;;
1966-11-09;1966;11;9;9.2;16.1;3.9;1013.7;67;0;22.2;7.8;18.3;-;;;;
1966-11-10;1966;11;10;5.9;8.9;2.2;1020.9;84;1.02;14.6;3.7;11.1;-;o;;;
1966-11-11;1966;11;11;4.7;7.2;2.2;1023.1;86;0;12.7;4.1;14.8;-;;;;
1966-11-12;1966;11;12;3.7;7.8;-1.1;1023.2;78;0;8.9;2.2;7.6;-;;;;
1966-11-13;1966;11;13;-0.4;6.1;-3.9;1023.9;85;0;8.2;2.6;7.6;-;;;;
1966-11-14;1966;11;14;0.9;6.1;-5;1022.9;80;0;5.8;3.1;11.1;-;;;;
1966-11-15;1966;11;15;3.4;7.2;1.1;1023.9;89;3.05;6;5.2;18.3;-;o;;;
1966-11-16;1966;11;16;2.8;6.1;1.1;1012.7;90;11.94;12.9;5.7;14.8;-;o;;;
1966-11-17;1966;11;17;2.2;3.9;0;1005.1;84;1.02;16.4;5.7;14.8;-;;o;;
1966-11-18;1966;11;18;1.3;5;-1.1;1008.2;77;0;15.4;2;7.6;-;;;;
1966-11-19;1966;11;19;-0.1;3.9;-2.2;1011.4;76;0;13.8;3.1;7.6;-;;;;
1966-11-20;1966;11;20;-1.9;2.2;-5;1016.4;79;0;14;0.4;3.5;-;;;;
1966-11-21;1966;11;21;-1.5;5;-5;1023.1;79;0;13;1.5;5.4;-;;;;
1966-11-22;1966;11;22;-1.5;6.1;-6.1;1023.4;71;0;18.7;3.3;7.6;-;;;;
1966-11-23;1966;11;23;0.4;7.2;-2.8;1018.7;73;0;13.7;2;9.4;-;;;;
1966-11-24;1966;11;24;1.1;2.8;-2.8;1020.3;85;1.02;11.3;8.5;22.2;-;;o;;
1966-11-25;1966;11;25;-1.6;2.8;-5;1028.3;76;0;13.7;1.5;3.5;-;;;;
1966-11-26;1966;11;26;-3.3;2.2;-7.2;1032.6;72;0;13.8;3.5;7.6;-;;;;
1966-11-27;1966;11;27;0.4;6.1;-2.8;1032.1;67;0;15.8;2;3.5;-;;;;
1966-11-28;1966;11;28;3.1;7.2;0;1022;68;0;15.1;4.3;7.6;-;;;;
1966-11-29;1966;11;29;1.1;2.8;-1.1;1013.7;81;10.67;10.6;6.9;22.2;-;o;o;;
1966-11-30;1966;11;30;-1.5;1.1;-5;1013.8;82;3.05;14.3;2.2;5.4;-;;o;;
1966-12-01;1966;12;1;1.9;5;-1.1;1005.7;99;6.1;4.5;1.3;3.5;-;o;;;
1966-12-02;1966;12;2;3;3.9;2.2;996.2;100;-;7.2;3;5.4;-;o;;;
1966-12-03;1966;12;3;2.3;5;0;1005.5;74;2.03;17.1;7.8;22.2;-;;;;
1966-12-04;1966;12;4;-0.6;2.2;-3.9;1012.2;85;7.11;14;3.9;11.1;-;;o;;
1966-12-05;1966;12;5;-4.1;0;-7.2;1022.7;84;0;14.2;2;3.5;-;;;;
1966-12-06;1966;12;6;-5.6;-1.1;-7.8;1022.8;82;0;11.4;3.5;5.4;-;;;;
1966-12-07;1966;12;7;-8.4;-2.2;-12.8;1022.8;90;0;5.8;2.6;3.5;-;;;;
1966-12-08;1966;12;8;-5.6;-2.2;-7.8;1025;82;0;4.8;2.8;7.6;-;;;;
1966-12-09;1966;12;9;-1.5;2.8;-7.8;1020.2;82;0;6.3;4.6;11.1;-;;;;
1966-12-10;1966;12;10;1.1;2.2;-1.1;1013.2;94;2.03;10.8;0.9;3.5;-;o;;;
1966-12-11;1966;12;11;4.7;7.2;1.1;1006.6;79;5.08;15;9.4;22.2;-;o;;;
1966-12-12;1966;12;12;1.6;2.8;1.1;1004.7;96;14.99;4.3;1.7;7.6;-;o;o;;
1966-12-13;1966;12;13;1.4;2.8;0;999.2;99;12.95;8.4;0;-;-;o;o;;
1966-12-14;1966;12;14;2.7;3.9;1.1;1011.8;79;1.02;16.7;6.5;11.1;-;;;;
1966-12-15;1966;12;15;0.6;2.2;-2.8;1020.6;86;5.59;13.4;1.1;7.6;-;;o;;
1966-12-16;1966;12;16;-3.2;2.8;-6.1;1028.3;80;0;14.3;4.1;7.6;-;;;;
1966-12-17;1966;12;17;-2.5;3.9;-7.2;1033.1;85;0;4.5;1.9;3.5;-;;;;
1966-12-18;1966;12;18;-0.9;2.8;-5;1033.8;87;0;3.4;1.1;3.5;-;;;;
1966-12-19;1966;12;19;0.8;6.1;-2.8;1029.3;90;0;8.9;1.5;5.4;-;;;;
1966-12-20;1966;12;20;-0.6;2.8;-3.9;1021.1;99;0;8.7;0.4;3.5;-;;;;o
1966-12-21;1966;12;21;3.1;5;0;1017;71;0;16.7;9.8;27.8;-;;;;
1966-12-22;1966;12;22;-2.7;0;-6.1;1020.9;90;1.02;15.9;0.9;3.5;-;;o;;
1966-12-23;1966;12;23;1.1;2.8;-2.2;1019.1;99;7.11;9;0.6;3.5;-;;o;;
1966-12-24;1966;12;24;2.9;6.1;1.1;1019.7;95;1.02;11.6;0.9;3.5;-;o;;;
1966-12-25;1966;12;25;3.7;7.2;2.2;1018;86;7.87;17.7;5.9;22.2;-;o;;;
1966-12-26;1966;12;26;-1.7;2.8;-3.9;1026;78;0;16.3;3;5.4;-;;;;
1966-12-27;1966;12;27;-1.4;2.8;-6.1;1017.3;82;0;9.7;4.4;7.6;-;;;;
1966-12-28;1966;12;28;1.1;2.8;-1.1;1017.9;92;1.52;4;2;5.4;-;;o;;
1966-12-29;1966;12;29;1.2;3.9;-1.1;1024.3;83;0.51;7.4;2;5.4;-;o;;;
1966-12-30;1966;12;30;4;7.2;2.2;1023.8;83;14.99;8.2;3;11.1;-;o;;;o
1966-12-31;1966;12;31;2.9;7.8;0;1029.2;75;0;15.8;3.1;9.4;-;;;;
