"Daten bitte folgendermassen zitieren: GLAMOS (2026). Swiss Glacier Bulletin 2025. Huss, M., Bauder, A., Barandun, M., Hodel, E., and Linsbauer, A. (eds.). Annual report No. 146, 26 pp., doi:10.18752/glbulletin_2025."
Kumulative Massenbilanz (mm w.e.)
Glacier name,Glacier ID,Start date of observation,End date of observation,Value
Rhonegletscher,B43-03,2006-10-27,2007-09-06,-77
Rhonegletscher,B43-03,2007-09-06,2008-09-11,-1216
Rhonegletscher,B43-03,2008-09-11,2009-09-10,-1738
Rhonegletscher,B43-03,2009-09-10,2010-09-05,-2129
Rhonegletscher,B43-03,2010-09-05,2011-09-15,-3674
Rhonegletscher,B43-03,2011-09-15,2012-09-11,-4682
Rhonegletscher,B43-03,2012-09-11,2013-09-23,-4842
Rhonegletscher,B43-03,2013-09-23,2014-09-10,-5195
Rhonegletscher,B43-03,2014-09-10,2015-09-10,-6278
Rhonegletscher,B43-03,2015-09-10,2016-09-20,-6701
Rhonegletscher,B43-03,2016-09-20,2017-09-26,-7949
Rhonegletscher,B43-03,2017-09-26,2018-09-12,-9047
Rhonegletscher,B43-03,2018-09-12,2019-08-12,-9820
Rhonegletscher,B43-03,2019-09-12,2020-09-11,-10506
Rhonegletscher,B43-03,2020-09-11,2021-09-08,-10608
Rhonegletscher,B43-03,2021-09-08,2022-09-09,-13261
Rhonegletscher,B43-03,2022-09-09,2023-10-17,-15390
Rhonegletscher,B43-03,2023-10-17,2024-09-06,-15937
Rhonegletscher,B43-03,2024-09-06,2025-09-04,-17052
Rhonegletscher,B43-03,2025-09-04,2026-09-03,-19583