,Tag,T,TM,Tm,SLP,H,PP,VV,V,VM,VG,RA,SN,TS,FG
0,1,17.9,25,11.1,1016.7,67,0,11.7,5.9,18.3,-, , , , 
1,2,19.4,27.8,13.9,1014.1,66,0.51,14.8,2.6,9.4,-, , , , 
2,3,17.8,27.2,12.2,1011.2,75,1.02,14.8,4.1,7.6,-, , , , 
3,4,13.5,18.9,7.8,1009.9,83,3.05,14.5,2.2,7.6,-,o, , , 
4,5,12.2,22.8,3.9,1017.1,70,0,19.2,4.1,9.4,-, , , , 
5,6,12.2,21.1,7.2,1019.1,80,0.51,16.1,9.1,33.5,-, , , , 
6,7,12.6,16.1,7.8,1020.6,77,0,14.8,6.7,27.8,-, , , , 
7,8,11.6,17.2,5,1019.5,72,0,16.1,4.4,18.3,-, , , , 
8,9,11.5,13.9,10,1020.9,82,1.27,13.5,3.9,11.1,-,o, , , 
9,10,9.4,13.9,6.1,1023.6,93,6.1,11.7,0,-,-,o, , , 
10,11,11,17.2,5,1018.8,76,0,12.9,3.9,24.1,-, , , , 
11,12,10.9,17.8,3.9,1014,71,0,14.8,6.1,22.2,-, , , , 
12,13,12.3,17.2,10,1011.6,81,0,10.5,4.8,16.5,-, , , , 
13,14,12.8,17.8,10,1012.6,81,0,12.1,6.3,22.2,-, , , , 
14,15,12.1,18.9,8.9,1014.8,79,2.03,16.1,2.8,22.2,-,o, , , 
15,16,11.3,13.9,8.9,1016.6,90,9.91,12.7,1.9,7.6,-,o, , , 
16,17,14.6,21.1,10,1015,71,0,13.2,2.2,7.6,-, , , , 
17,18,11.6,18.9,6.1,1018,75,0,11.7,0.9,3.5,-, , , , 
18,19,13.1,21.1,7.2,1015,78,-,9.8,1.3,3.5,-,o, , , 
19,20,13.1,17.8,10,1013.5,86,7.11,11.4,3.5,18.3,-,o, , , 
20,21,16.2,25,10,1005.4,72,0.51,12.1,2,5.4,-, , , , 
21,22,14.9,18.9,11.1,1008.8,74,3.05,15.1,9.8,29.4,-,o, , , 
22,23,11.6,22.2,5,1018,78,0,12.4,1.9,5.4,-, , , , 
23,24,14.4,25,7.2,1021.7,66,0,14.5,3.7,9.4,-, , , , 
24,25,16.2,26.1,7.2,1023.1,70,0,15.1,2.2,7.6,-, , , , 
25,26,16.6,28.9,7.8,1019.9,68,0,13.4,3,7.6,-, , , , 
26,27,17,23.9,10,1021.4,74,0,10.6,3.7,14.8,-, , , , 
27,28,17.3,25,11.1,1022,73,0,10.5,1.9,11.1,-, , , , 
28,29,17.3,23.9,12.8,1021.3,77,0,10.1,4.3,18.3,-, , , , 
29,30,16.6,23.9,10,1020,78,0,6,4.6,14.8,-, , , , 
30,Monatsmittel und Summen:,,,,,,,,,,,,,,
31, ,14,20.9,8.6,1016.8,76.1,35.07,13.1,3.8,14.3, ,8,0,0,0
