Y, M, D, T, TM, Tm, SLP, H, PP, VV, V, VM, VG, RA, SN, TS, FG
1992,6,1,19.5,25.7,14.2,1008,65,1.02,10,8.3,16.5,38.9,o, , , 
1992,6,2,16.4,21.5,14.1,1008.8,73,14.99,14.2,6.7,18.3,-,o, , , 
1992,6,3,14.4,18.6,13.2,1013.1,81,6.1,13.2,6.5,11.1,-,o, , , 
1992,6,4,14.7,20.6,9.5,1012.2,75,1.02,15.8,8.7,24.1,75.9, , , , 
1992,6,5,12.3,14.8,10.4,1012.9,84,10.92,10,5.6,18.3,-,o, , , 
1992,6,6,13.2,18.5,9.9,1014.6,72,1.02,14.6,7.8,27.8,-,o, , , 
1992,6,7,14.1,21.9,9.3,1010.7,61,0,17.5,6.3,14.8,46.5, , , , 
1992,6,8,14.4,20,10.5,1007.2,67,0.25,18.3,12.4,29.4,-, , , , 
1992,6,9,16.8,23,10.1,1008.6,59,0,18.2,9.6,25.9,-, , , , 
1992,6,10,15.6,21.5,9.8,1008.8,67,1.02,15,6.1,31.3,51.9, , , , 
1992,6,11,15.6,20.6,13,1009.2,76,2.03,8.4,10,24.1,48.2,o, , , 
1992,6,12,15.8,19.3,12.2,1010.3,70,0.25,8.9,6.9,16.5,48.2,o, , , 
1992,6,13,16.8,22.1,11.1,1013.7,68,0,9.2,11.1,31.3,50, , , , 
1992,6,14,18.8,25.2,11.5,1019.8,66,0,10.5,10.6,25.9,-, , , , 
1992,6,15,21.3,27.9,12.5,1016.7,56,0,10,9.8,24.1,-, , , , 
1992,6,16,20.7,25.1,17.7,1013,62,0,11.9,12,24.1,44.6, , , , 
1992,6,17,21.3,27.9,15.4,1011.5,56,0,15,8.1,16.5,-, , , , 
1992,6,18,19.7,25.6,14.7,1011.6,59,0,15,10.4,24.1,-, , , , 
1992,6,19,13.7,17,10,1010.2,70,0,11.3,15,27.8,55.4,o, , , 
1992,6,20,11.3,15,7.2,1015.1,82,5.08,13.7,11.9,20.6,-,o, , , 
1992,6,21,13.7,19.9,8.1,1018.3,70,13.97,14.3,3.7,14.8,-,o, , , 
1992,6,22,16.6,24.1,9.1,1012.6,60,0,17.2,9.1,16.5,48.2, , , , 
1992,6,23,17.1,20,13.8,1008.7,70,1.02,13.7,5.2,11.1,44.6, , , , 
1992,6,24,16.9,20.3,14,1011.2,76,2.03,12.2,6.7,11.1,-, , , , 
1992,6,25,16.7,21.1,14.2,1014.5,70,0,11.3,17.6,29.4,53.5,o, , , 
1992,6,26,17.2,21.2,13.9,1016.1,74,0,10.6,7.6,18.3,-,o, , , 
1992,6,27,19.6,26.1,14.1,1016.3,61,0,13.8,9.6,20.6,-, , , , 
1992,6,28,19.7,26,11.4,1017,56,0,14.3,9.4,27.8,51.9, , , , 
1992,6,29,20.9,27.3,14.2,1016.8,57,0,10.9,8.5,24.1,51.9, , , , 
1992,6,30,21.1,29.3,13.8,1014.3,54,3.05,14.3,8.1,18.3,51.9,o, , , 
